タイトル,発売,販売,発売日,状態
2010ストリートファイター,,,,
8BIT MUSIC POWER FINAL,コロンバスサークル,コロンバスサークル,2017/4/6,箱説付き
8BIT RHYTHM LAND,コロンバスサークル,コロンバスサークル,2019/2/21,箱説付き
Bウイング,,,,
Dr.マリオ,,,,
F1レース,,,,
HABIT!,,,,
MOTHER,,,,
NEO平安京エイリアン,,,,
WILLOW,,,,
アストロロボSASA,,,,
アストロ忍者マン,,,,
アストロ忍者マンDX,コロンバスサークル,コロンバスサークル,2022/2/25,箱説付き
アトランティスの謎,,,,
アルゴスの戦士,,,,
イース,,,,
イース2,,,,
ウィザードリィ 狂王の試練場,,,,
ウィザードリィ2 リルガミンの遺産,,,,
ヴォルガード2,,,,
うたかたシノプシス,,,,
エキサイトバイク,,,,
エクセリオン,,,,
エフシータ,,,,
オーバーオブジェ,,,,
オセロ,,,,
カラテカ,,,,
かんしゃく玉なげカン太郎の東海道五十三次,,,,
ギャラガ,,,,
ギャラクシアン,,,,
キラキラスターナイトDX,,,,
キン肉マン マッスルタッグマッチ,,,,
グーニーズ2,,,,
くにおくん時代劇だよ全員集合!,,,,
クライシスフォース,,,,
グラディウス,,,,
グラディウスⅡ,,,,
グランドマスター,,,,
クルクルランド,,,,
グレートタンク,,,,
ゲイモス,,,,
ゲゲゲの鬼太郎 妖怪大魔境,,,,
ケルナグール,,,,
ココロン,,,,
コナミワイワイワールド,,,,
ゴルフ,,,,
サイドポケット,,,,
ザナック(usa),,,,
さんまの名探偵,,,,
ジーザス恐怖のバイオモンスター,,,,
ジャイロダイン,,,,
ジャストブリード,,,,
ジョイメカファイト,,,,
スーパーマリオブラザーズ,任天堂,任天堂,1985/9/13,裸
スーパーマリオブラザーズ3,任天堂,任天堂,1988/10/23,裸
スカイキッド,,,,
スカイデストロイヤー,,,,
スターフォース,,,,
スターラスター,,,,
スペランカー,,,,
セクロス,,,,
ゼビウス,,,,
ソロモンの鍵,,,,
たけしの挑戦状,,,,
ツインビー,,,,
ディグダグ2,,,,
テグザー,,,,
テトリス2,,,,
デビルワールド,,,,
ドラゴンクエスト,,,,
ドラゴンクエスト2,,,,
ドラゴンユニット,,,,
ドルアーガの塔,,,,
ドンキーコング,,,,
ドンキーコングJr.,,,,
ハイウェイスター,,,,
バイオ戦士DAN,,,,
ハイドライドスペシャル,,,,
パチコン,,,,
バットマン,,,,
バトルシティ,,,,
バトルストーム,,,,
バトルフリート,,,,
バルーンファイト,,,,
バルトロン,,,,
パワーブレイザー,,,,
ピンボール,,,,
ファイナルファンタジー,,,,
ファイナルファンタジー1-2,,,,
ファイナルファンタジー2,,,,
ファイナルファンタジー3,,,,
ファイヤーエムブレム,,,,
ファミコンウォーズ,,,,
ファミコン野球盤,,,,
ファミリースタジアム,,,,
ファミリースタジアム'88,,,,
ファミリーベーシック,,,,
ファミリーマージャン,,,,
ファリア,,,,
ファンタジーゾーン,,,,
ファンタジーゾーン2,,,,
プーヤン,,,,
フォーメーションZ,,,,
ベースボール,,,,
ヘクター'87,,,,
ヘラクレスの栄光,,,,
ボコスカウォーズ,,,,
ホッターマン,,,,
ボンバーマン2,,,,
マグマックス,,,,
まじかるタるルートくん,,,,
まじゃべんちゃー,,,,
マッピー,,,,
マドゥーラの翼,,,,
マニアックマンション,ルーカスアーツ,ジャレコ,1988/6/23,裸
マリオブラザーズ(eur),,,,
ミネルバトンサーガ,,,,
メタルギア,,,,
メタルストーム,,,,
メタルストーム(usa-rev),,,,
メタルスレイダーグローリー,,,,
モンスターメーカー7つの秘宝,,,,
ラグランジュポイント,,,,
ランパート,,,,
リップルアイランド,,,,
ロードファイター,,,,
ロックマン2,,,,
ワイワイワールド2 SOS!!パセリ城,,,,
ワルキューレの冒険,,,,
亀の恩返し,,,,
究極ハリキリスタジアム,,,,
激突4駆バトル,,,,
御存知弥次喜多珍道中,,,,
高橋名人の冒険島,,,,
高橋名人の冒険島2,,,,
沙羅曼蛇,,,,
信長の野望戦国群雄伝,,,,
信長の野望全国版,,,,
新人類,,,,
新里見八犬伝,,,,
神仙伝,,,,
戦場の狼,,,,
早打ちスーパー囲碁,,,,
太陽の神殿,,,,
大怪獣デブラス,,,,
探偵神宮寺三郎 横浜港連続殺人事件,,,,
超時空要塞マクロス,,,,
桃太郎電鉄,,,,
特殊部隊ジャッカル(usa),,,,
忍者じゃじゃ丸くん,,,,
忍者ハットリくん,,,,
燃えろプロ野球,,,,
美少女麻雀塾其の一ChampionShip,,,,
北海道連鎖殺人事件,,,,
魔鐘,,,,
麻雀,,,,
名人戦,,,,
迷宮組曲,,,,
目指せパチプロ パチ夫くん,,,,
妖怪倶楽部,,,,
