タイトル,発行,発売日,ジャンル,状態
BEEP_1988_12,ソフトバンク,1988/11/8,PC・家庭用,
E-LOGIN_1996_04,アスペクト,1996/3/8,PC,
LOGIN_1994_06,アスキー,1994/5/17,PC,
MSXマガジン_1987_03,アスキー,1987/2/8,PC,
MSXマガジン_1987_04,アスキー,1987/3/8,PC,
MSXマガジン_1987_05,アスキー,1987/4/8,PC,
MSXマガジン_1989_08,アスキー,1989/7/8,PC,
MSXマガジン_1989_12,アスキー,1989/11/8,PC,
PCエンジェル_1995_12,オデッセウス,1995/10/30,PC,
週刊ファミ通_2021_0909,角川書店,2021/8/26,家庭用,
電撃王_1993_03,メディアワークス,1993/2/8,PC,
パソコンパラダイス_1994_04,メディアックス,1994/11/8,PC,
週刊ファミ通_2023_0608,角川書店,2023/5/25,家庭用,
週刊ファミ通_2023_0728,角川書店,2023/7/13,家庭用,
